{
	"partitions" : [
		{
			"name" : "Top",
			"pins" : [
				{
					"name" : "DM_MEMR",
					"strict" : false
				},
				{
					"name" : "DM_MEMW",
					"strict" : false
				},
				{
					"name" : "IM_INPUT[1]",
					"strict" : false
				},
				{
					"name" : "IM_INPUT[2]",
					"strict" : false
				},
				{
					"name" : "IM_INPUT[3]",
					"strict" : false
				},
				{
					"name" : "IM_INPUT[4]",
					"strict" : false
				},
				{
					"name" : "IM_INPUT[5]",
					"strict" : false
				},
				{
					"name" : "IM_INPUT[6]",
					"strict" : false
				},
				{
					"name" : "IM_INPUT[7]",
					"strict" : false
				},
				{
					"name" : "IM_INPUT[8]",
					"strict" : false
				},
				{
					"name" : "IM_INPUT[9]",
					"strict" : false
				},
				{
					"name" : "IM_INPUT[10]",
					"strict" : false
				},
				{
					"name" : "IM_INPUT[11]",
					"strict" : false
				},
				{
					"name" : "IM_INPUT[12]",
					"strict" : false
				},
				{
					"name" : "IM_INPUT[13]",
					"strict" : false
				},
				{
					"name" : "IM_INPUT[14]",
					"strict" : false
				},
				{
					"name" : "IM_INPUT[15]",
					"strict" : false
				},
				{
					"name" : "IM_INPUT[16]",
					"strict" : false
				},
				{
					"name" : "IM_INPUT[17]",
					"strict" : false
				},
				{
					"name" : "IM_INPUT[18]",
					"strict" : false
				},
				{
					"name" : "IM_INPUT[19]",
					"strict" : false
				},
				{
					"name" : "IM_INPUT[20]",
					"strict" : false
				},
				{
					"name" : "IM_INPUT[21]",
					"strict" : false
				},
				{
					"name" : "IM_INPUT[22]",
					"strict" : false
				},
				{
					"name" : "IM_INPUT[23]",
					"strict" : false
				},
				{
					"name" : "IM_INPUT[24]",
					"strict" : false
				},
				{
					"name" : "IM_INPUT[25]",
					"strict" : false
				},
				{
					"name" : "IM_INPUT[26]",
					"strict" : false
				},
				{
					"name" : "IM_INPUT[27]",
					"strict" : false
				},
				{
					"name" : "IM_INPUT[28]",
					"strict" : false
				},
				{
					"name" : "IM_INPUT[29]",
					"strict" : false
				},
				{
					"name" : "IM_INPUT[30]",
					"strict" : false
				},
				{
					"name" : "IM_INPUT[31]",
					"strict" : false
				},
				{
					"name" : "IM_INPUT[32]",
					"strict" : false
				},
				{
					"name" : "IM_INPUT[33]",
					"strict" : false
				},
				{
					"name" : "IM_INPUT[34]",
					"strict" : false
				},
				{
					"name" : "IM_INPUT[35]",
					"strict" : false
				},
				{
					"name" : "IM_INPUT[36]",
					"strict" : false
				},
				{
					"name" : "IM_INPUT[37]",
					"strict" : false
				},
				{
					"name" : "IM_INPUT[38]",
					"strict" : false
				},
				{
					"name" : "IM_INPUT[39]",
					"strict" : false
				},
				{
					"name" : "IM_INPUT[40]",
					"strict" : false
				},
				{
					"name" : "IM_INPUT[41]",
					"strict" : false
				},
				{
					"name" : "IM_INPUT[42]",
					"strict" : false
				},
				{
					"name" : "IM_INPUT[43]",
					"strict" : false
				},
				{
					"name" : "IM_INPUT[44]",
					"strict" : false
				},
				{
					"name" : "IM_INPUT[45]",
					"strict" : false
				},
				{
					"name" : "IM_INPUT[46]",
					"strict" : false
				},
				{
					"name" : "IM_INPUT[47]",
					"strict" : false
				},
				{
					"name" : "IM_INPUT[48]",
					"strict" : false
				},
				{
					"name" : "IM_INPUT[49]",
					"strict" : false
				},
				{
					"name" : "IM_INPUT[50]",
					"strict" : false
				},
				{
					"name" : "IM_INPUT[51]",
					"strict" : false
				},
				{
					"name" : "IM_INPUT[52]",
					"strict" : false
				},
				{
					"name" : "IM_INPUT[53]",
					"strict" : false
				},
				{
					"name" : "IM_INPUT[54]",
					"strict" : false
				},
				{
					"name" : "IM_INPUT[55]",
					"strict" : false
				},
				{
					"name" : "IM_INPUT[56]",
					"strict" : false
				},
				{
					"name" : "IM_INPUT[57]",
					"strict" : false
				},
				{
					"name" : "IM_INPUT[58]",
					"strict" : false
				},
				{
					"name" : "IM_INPUT[59]",
					"strict" : false
				},
				{
					"name" : "IM_INPUT[60]",
					"strict" : false
				},
				{
					"name" : "IM_INPUT[61]",
					"strict" : false
				},
				{
					"name" : "IM_INPUT[62]",
					"strict" : false
				},
				{
					"name" : "IM_INPUT[63]",
					"strict" : false
				},
				{
					"name" : "DM_ADDRESS[0]",
					"strict" : false
				},
				{
					"name" : "DM_ADDRESS[1]",
					"strict" : false
				},
				{
					"name" : "DM_ADDRESS[2]",
					"strict" : false
				},
				{
					"name" : "DM_ADDRESS[3]",
					"strict" : false
				},
				{
					"name" : "DM_ADDRESS[4]",
					"strict" : false
				},
				{
					"name" : "DM_ADDRESS[5]",
					"strict" : false
				},
				{
					"name" : "DM_ADDRESS[6]",
					"strict" : false
				},
				{
					"name" : "DM_ADDRESS[7]",
					"strict" : false
				},
				{
					"name" : "DM_ADDRESS[8]",
					"strict" : false
				},
				{
					"name" : "DM_ADDRESS[9]",
					"strict" : false
				},
				{
					"name" : "DM_ADDRESS[10]",
					"strict" : false
				},
				{
					"name" : "DM_ADDRESS[11]",
					"strict" : false
				},
				{
					"name" : "DM_ADDRESS[12]",
					"strict" : false
				},
				{
					"name" : "DM_ADDRESS[13]",
					"strict" : false
				},
				{
					"name" : "DM_ADDRESS[14]",
					"strict" : false
				},
				{
					"name" : "DM_ADDRESS[15]",
					"strict" : false
				},
				{
					"name" : "DM_ADDRESS[16]",
					"strict" : false
				},
				{
					"name" : "DM_ADDRESS[17]",
					"strict" : false
				},
				{
					"name" : "DM_ADDRESS[18]",
					"strict" : false
				},
				{
					"name" : "DM_ADDRESS[19]",
					"strict" : false
				},
				{
					"name" : "DM_ADDRESS[20]",
					"strict" : false
				},
				{
					"name" : "DM_ADDRESS[21]",
					"strict" : false
				},
				{
					"name" : "DM_ADDRESS[22]",
					"strict" : false
				},
				{
					"name" : "DM_ADDRESS[23]",
					"strict" : false
				},
				{
					"name" : "DM_ADDRESS[24]",
					"strict" : false
				},
				{
					"name" : "DM_ADDRESS[25]",
					"strict" : false
				},
				{
					"name" : "DM_ADDRESS[26]",
					"strict" : false
				},
				{
					"name" : "DM_ADDRESS[27]",
					"strict" : false
				},
				{
					"name" : "DM_ADDRESS[28]",
					"strict" : false
				},
				{
					"name" : "DM_ADDRESS[29]",
					"strict" : false
				},
				{
					"name" : "DM_ADDRESS[30]",
					"strict" : false
				},
				{
					"name" : "DM_ADDRESS[31]",
					"strict" : false
				},
				{
					"name" : "DM_ADDRESS[32]",
					"strict" : false
				},
				{
					"name" : "DM_ADDRESS[33]",
					"strict" : false
				},
				{
					"name" : "DM_ADDRESS[34]",
					"strict" : false
				},
				{
					"name" : "DM_ADDRESS[35]",
					"strict" : false
				},
				{
					"name" : "DM_ADDRESS[36]",
					"strict" : false
				},
				{
					"name" : "DM_ADDRESS[37]",
					"strict" : false
				},
				{
					"name" : "DM_ADDRESS[38]",
					"strict" : false
				},
				{
					"name" : "DM_ADDRESS[39]",
					"strict" : false
				},
				{
					"name" : "DM_ADDRESS[40]",
					"strict" : false
				},
				{
					"name" : "DM_ADDRESS[41]",
					"strict" : false
				},
				{
					"name" : "DM_ADDRESS[42]",
					"strict" : false
				},
				{
					"name" : "DM_ADDRESS[43]",
					"strict" : false
				},
				{
					"name" : "DM_ADDRESS[44]",
					"strict" : false
				},
				{
					"name" : "DM_ADDRESS[45]",
					"strict" : false
				},
				{
					"name" : "DM_ADDRESS[46]",
					"strict" : false
				},
				{
					"name" : "DM_ADDRESS[47]",
					"strict" : false
				},
				{
					"name" : "DM_ADDRESS[48]",
					"strict" : false
				},
				{
					"name" : "DM_ADDRESS[49]",
					"strict" : false
				},
				{
					"name" : "DM_ADDRESS[50]",
					"strict" : false
				},
				{
					"name" : "DM_ADDRESS[51]",
					"strict" : false
				},
				{
					"name" : "DM_ADDRESS[52]",
					"strict" : false
				},
				{
					"name" : "DM_ADDRESS[53]",
					"strict" : false
				},
				{
					"name" : "DM_ADDRESS[54]",
					"strict" : false
				},
				{
					"name" : "DM_ADDRESS[55]",
					"strict" : false
				},
				{
					"name" : "DM_ADDRESS[56]",
					"strict" : false
				},
				{
					"name" : "DM_ADDRESS[57]",
					"strict" : false
				},
				{
					"name" : "DM_ADDRESS[58]",
					"strict" : false
				},
				{
					"name" : "DM_ADDRESS[59]",
					"strict" : false
				},
				{
					"name" : "DM_ADDRESS[60]",
					"strict" : false
				},
				{
					"name" : "DM_ADDRESS[61]",
					"strict" : false
				},
				{
					"name" : "DM_ADDRESS[62]",
					"strict" : false
				},
				{
					"name" : "DM_ADDRESS[63]",
					"strict" : false
				},
				{
					"name" : "DM_W[0]",
					"strict" : false
				},
				{
					"name" : "DM_W[1]",
					"strict" : false
				},
				{
					"name" : "DM_W[2]",
					"strict" : false
				},
				{
					"name" : "DM_W[3]",
					"strict" : false
				},
				{
					"name" : "DM_W[4]",
					"strict" : false
				},
				{
					"name" : "DM_W[5]",
					"strict" : false
				},
				{
					"name" : "DM_W[6]",
					"strict" : false
				},
				{
					"name" : "DM_W[7]",
					"strict" : false
				},
				{
					"name" : "DM_W[8]",
					"strict" : false
				},
				{
					"name" : "DM_W[9]",
					"strict" : false
				},
				{
					"name" : "DM_W[10]",
					"strict" : false
				},
				{
					"name" : "DM_W[11]",
					"strict" : false
				},
				{
					"name" : "DM_W[12]",
					"strict" : false
				},
				{
					"name" : "DM_W[13]",
					"strict" : false
				},
				{
					"name" : "DM_W[14]",
					"strict" : false
				},
				{
					"name" : "DM_W[15]",
					"strict" : false
				},
				{
					"name" : "DM_W[16]",
					"strict" : false
				},
				{
					"name" : "DM_W[17]",
					"strict" : false
				},
				{
					"name" : "DM_W[18]",
					"strict" : false
				},
				{
					"name" : "DM_W[19]",
					"strict" : false
				},
				{
					"name" : "DM_W[20]",
					"strict" : false
				},
				{
					"name" : "DM_W[21]",
					"strict" : false
				},
				{
					"name" : "DM_W[22]",
					"strict" : false
				},
				{
					"name" : "DM_W[23]",
					"strict" : false
				},
				{
					"name" : "DM_W[24]",
					"strict" : false
				},
				{
					"name" : "DM_W[25]",
					"strict" : false
				},
				{
					"name" : "DM_W[26]",
					"strict" : false
				},
				{
					"name" : "DM_W[27]",
					"strict" : false
				},
				{
					"name" : "DM_W[28]",
					"strict" : false
				},
				{
					"name" : "DM_W[29]",
					"strict" : false
				},
				{
					"name" : "DM_W[30]",
					"strict" : false
				},
				{
					"name" : "DM_W[31]",
					"strict" : false
				},
				{
					"name" : "DM_W[32]",
					"strict" : false
				},
				{
					"name" : "DM_W[33]",
					"strict" : false
				},
				{
					"name" : "DM_W[34]",
					"strict" : false
				},
				{
					"name" : "DM_W[35]",
					"strict" : false
				},
				{
					"name" : "DM_W[36]",
					"strict" : false
				},
				{
					"name" : "DM_W[37]",
					"strict" : false
				},
				{
					"name" : "DM_W[38]",
					"strict" : false
				},
				{
					"name" : "DM_W[39]",
					"strict" : false
				},
				{
					"name" : "DM_W[40]",
					"strict" : false
				},
				{
					"name" : "DM_W[41]",
					"strict" : false
				},
				{
					"name" : "DM_W[42]",
					"strict" : false
				},
				{
					"name" : "DM_W[43]",
					"strict" : false
				},
				{
					"name" : "DM_W[44]",
					"strict" : false
				},
				{
					"name" : "DM_W[45]",
					"strict" : false
				},
				{
					"name" : "DM_W[46]",
					"strict" : false
				},
				{
					"name" : "DM_W[47]",
					"strict" : false
				},
				{
					"name" : "DM_W[48]",
					"strict" : false
				},
				{
					"name" : "DM_W[49]",
					"strict" : false
				},
				{
					"name" : "DM_W[50]",
					"strict" : false
				},
				{
					"name" : "DM_W[51]",
					"strict" : false
				},
				{
					"name" : "DM_W[52]",
					"strict" : false
				},
				{
					"name" : "DM_W[53]",
					"strict" : false
				},
				{
					"name" : "DM_W[54]",
					"strict" : false
				},
				{
					"name" : "DM_W[55]",
					"strict" : false
				},
				{
					"name" : "DM_W[56]",
					"strict" : false
				},
				{
					"name" : "DM_W[57]",
					"strict" : false
				},
				{
					"name" : "DM_W[58]",
					"strict" : false
				},
				{
					"name" : "DM_W[59]",
					"strict" : false
				},
				{
					"name" : "DM_W[60]",
					"strict" : false
				},
				{
					"name" : "DM_W[61]",
					"strict" : false
				},
				{
					"name" : "DM_W[62]",
					"strict" : false
				},
				{
					"name" : "DM_W[63]",
					"strict" : false
				},
				{
					"name" : "CLK",
					"strict" : false
				},
				{
					"name" : "RST_n",
					"strict" : false
				},
				{
					"name" : "IM_OUTPUT[5]",
					"strict" : false
				},
				{
					"name" : "IM_OUTPUT[6]",
					"strict" : false
				},
				{
					"name" : "IM_OUTPUT[3]",
					"strict" : false
				},
				{
					"name" : "IM_OUTPUT[2]",
					"strict" : false
				},
				{
					"name" : "IM_OUTPUT[4]",
					"strict" : false
				},
				{
					"name" : "IM_OUTPUT[1]",
					"strict" : false
				},
				{
					"name" : "IM_OUTPUT[0]",
					"strict" : false
				},
				{
					"name" : "IM_OUTPUT[14]",
					"strict" : false
				},
				{
					"name" : "IM_OUTPUT[13]",
					"strict" : false
				},
				{
					"name" : "IM_OUTPUT[12]",
					"strict" : false
				},
				{
					"name" : "IM_OUTPUT[21]",
					"strict" : false
				},
				{
					"name" : "IM_OUTPUT[10]",
					"strict" : false
				},
				{
					"name" : "IM_OUTPUT[9]",
					"strict" : false
				},
				{
					"name" : "IM_OUTPUT[31]",
					"strict" : false
				},
				{
					"name" : "IM_OUTPUT[22]",
					"strict" : false
				},
				{
					"name" : "IM_OUTPUT[11]",
					"strict" : false
				},
				{
					"name" : "IM_OUTPUT[23]",
					"strict" : false
				},
				{
					"name" : "IM_OUTPUT[24]",
					"strict" : false
				},
				{
					"name" : "IM_OUTPUT[25]",
					"strict" : false
				},
				{
					"name" : "IM_OUTPUT[26]",
					"strict" : false
				},
				{
					"name" : "IM_OUTPUT[27]",
					"strict" : false
				},
				{
					"name" : "IM_OUTPUT[28]",
					"strict" : false
				},
				{
					"name" : "IM_OUTPUT[29]",
					"strict" : false
				},
				{
					"name" : "IM_OUTPUT[30]",
					"strict" : false
				},
				{
					"name" : "IM_OUTPUT[20]",
					"strict" : false
				},
				{
					"name" : "IM_OUTPUT[8]",
					"strict" : false
				},
				{
					"name" : "IM_OUTPUT[15]",
					"strict" : false
				},
				{
					"name" : "IM_OUTPUT[16]",
					"strict" : false
				},
				{
					"name" : "IM_OUTPUT[17]",
					"strict" : false
				},
				{
					"name" : "IM_OUTPUT[18]",
					"strict" : false
				},
				{
					"name" : "IM_OUTPUT[19]",
					"strict" : false
				},
				{
					"name" : "DM_R[0]",
					"strict" : false
				},
				{
					"name" : "DM_R[1]",
					"strict" : false
				},
				{
					"name" : "DM_R[2]",
					"strict" : false
				},
				{
					"name" : "DM_R[3]",
					"strict" : false
				},
				{
					"name" : "DM_R[4]",
					"strict" : false
				},
				{
					"name" : "DM_R[5]",
					"strict" : false
				},
				{
					"name" : "DM_R[6]",
					"strict" : false
				},
				{
					"name" : "DM_R[7]",
					"strict" : false
				},
				{
					"name" : "DM_R[8]",
					"strict" : false
				},
				{
					"name" : "DM_R[9]",
					"strict" : false
				},
				{
					"name" : "DM_R[10]",
					"strict" : false
				},
				{
					"name" : "DM_R[11]",
					"strict" : false
				},
				{
					"name" : "DM_R[12]",
					"strict" : false
				},
				{
					"name" : "DM_R[13]",
					"strict" : false
				},
				{
					"name" : "DM_R[14]",
					"strict" : false
				},
				{
					"name" : "DM_R[15]",
					"strict" : false
				},
				{
					"name" : "DM_R[16]",
					"strict" : false
				},
				{
					"name" : "DM_R[17]",
					"strict" : false
				},
				{
					"name" : "DM_R[18]",
					"strict" : false
				},
				{
					"name" : "DM_R[19]",
					"strict" : false
				},
				{
					"name" : "DM_R[20]",
					"strict" : false
				},
				{
					"name" : "DM_R[21]",
					"strict" : false
				},
				{
					"name" : "DM_R[22]",
					"strict" : false
				},
				{
					"name" : "DM_R[23]",
					"strict" : false
				},
				{
					"name" : "DM_R[24]",
					"strict" : false
				},
				{
					"name" : "DM_R[25]",
					"strict" : false
				},
				{
					"name" : "DM_R[26]",
					"strict" : false
				},
				{
					"name" : "DM_R[27]",
					"strict" : false
				},
				{
					"name" : "DM_R[28]",
					"strict" : false
				},
				{
					"name" : "DM_R[29]",
					"strict" : false
				},
				{
					"name" : "DM_R[30]",
					"strict" : false
				},
				{
					"name" : "DM_R[31]",
					"strict" : false
				},
				{
					"name" : "DM_R[32]",
					"strict" : false
				},
				{
					"name" : "DM_R[33]",
					"strict" : false
				},
				{
					"name" : "DM_R[34]",
					"strict" : false
				},
				{
					"name" : "DM_R[35]",
					"strict" : false
				},
				{
					"name" : "DM_R[36]",
					"strict" : false
				},
				{
					"name" : "DM_R[37]",
					"strict" : false
				},
				{
					"name" : "DM_R[38]",
					"strict" : false
				},
				{
					"name" : "DM_R[39]",
					"strict" : false
				},
				{
					"name" : "DM_R[40]",
					"strict" : false
				},
				{
					"name" : "DM_R[41]",
					"strict" : false
				},
				{
					"name" : "DM_R[42]",
					"strict" : false
				},
				{
					"name" : "DM_R[43]",
					"strict" : false
				},
				{
					"name" : "DM_R[44]",
					"strict" : false
				},
				{
					"name" : "DM_R[45]",
					"strict" : false
				},
				{
					"name" : "DM_R[46]",
					"strict" : false
				},
				{
					"name" : "DM_R[47]",
					"strict" : false
				},
				{
					"name" : "DM_R[48]",
					"strict" : false
				},
				{
					"name" : "DM_R[49]",
					"strict" : false
				},
				{
					"name" : "DM_R[50]",
					"strict" : false
				},
				{
					"name" : "DM_R[51]",
					"strict" : false
				},
				{
					"name" : "DM_R[52]",
					"strict" : false
				},
				{
					"name" : "DM_R[53]",
					"strict" : false
				},
				{
					"name" : "DM_R[54]",
					"strict" : false
				},
				{
					"name" : "DM_R[55]",
					"strict" : false
				},
				{
					"name" : "DM_R[56]",
					"strict" : false
				},
				{
					"name" : "DM_R[57]",
					"strict" : false
				},
				{
					"name" : "DM_R[58]",
					"strict" : false
				},
				{
					"name" : "DM_R[59]",
					"strict" : false
				},
				{
					"name" : "DM_R[60]",
					"strict" : false
				},
				{
					"name" : "DM_R[61]",
					"strict" : false
				},
				{
					"name" : "DM_R[62]",
					"strict" : false
				},
				{
					"name" : "DM_R[63]",
					"strict" : false
				},
				{
					"name" : "IM_OUTPUT[7]",
					"strict" : false
				}
			]
		}
	]
}